{"created_at": "2025-08-02T08:19:22.995896+00:00", "train_time": 91, "train_step": 0, "platform": "tencent_kaiwu", "business": "competition", "user_id": 1, "team_id": 2, "project_code": "back_to_the_realm_v2", "project_version": "24.0.1", "task_id": "uuid", "algorithm": "dqn", "model_file_name": "back_to_the_realm_v2-dqn-0-2025_08_02_16_19_22-24.0.1.zip", "model_file_hash": "ce63ef601dc0e787ef19ab8f6a4f60ae3e09bb805af53bd6e2b183049047f885", "model_file_path": ["ckpt/model.ckpt-0.pkl"], "signature": null}